rsid	chr	pos	ea	nea	beta	se	trait	unit	ref
rs880315	1	10796866	C	T	0.475	0.062	SBP	mmhg	Warren et al. 2017 (PMID: 28135244); Ehret et al. 2016 (PMID: 27618452); Surendran et al. 2016 (PMID: 27618447); Ehret et al. 2011 (PMID: 21909115)
rs17037390	1	11860843	G	A	0.908	0.081	SBP	mmhg	Warren et al. 2017 (PMID: 28135244); Ehret et al. 2016 (PMID: 27618452); Surendran et al. 2016 (PMID: 27618447); Ehret et al. 2011 (PMID: 21909115)
rs7515635	1	42408070	T	C	0.307	0.0444	SBP	mmhg	Warren et al. 2017 (PMID: 28135244); Ehret et al. 2016 (PMID: 27618452); Surendran et al. 2016 (PMID: 27618447); Ehret et al. 2011 (PMID: 21909115)
rs1620668	1	113023980	G	A	0.535	0.076	SBP	mmhg	Warren et al. 2017 (PMID: 28135244); Ehret et al. 2016 (PMID: 27618452); Surendran et al. 2016 (PMID: 27618447); Ehret et al. 2011 (PMID: 21909115)
rs2932538	1	113216543	G	A	0.388419811	0.063834098	SBP	mmhg	Warren et al. 2017 (PMID: 28135244); Ehret et al. 2016 (PMID: 27618452); Surendran et al. 2016 (PMID: 27618447); Ehret et al. 2011 (PMID: 21909115)
rs2493134	1	230849359	C	T	0.413	0.058	SBP	mmhg	Warren et al. 2017 (PMID: 28135244); Ehret et al. 2016 (PMID: 27618452); Surendran et al. 2016 (PMID: 27618447); Ehret et al. 2011 (PMID: 21909115)
rs2586886	2	26932031	C	T	0.404	0.059	SBP	mmhg	Warren et al. 2017 (PMID: 28135244); Ehret et al. 2016 (PMID: 27618452); Surendran et al. 2016 (PMID: 27618447); Ehret et al. 2011 (PMID: 21909115)
rs1371182	2	165099215	C	T	0.444	0.058	SBP	mmhg	Warren et al. 2017 (PMID: 28135244); Ehret et al. 2016 (PMID: 27618452); Surendran et al. 2016 (PMID: 27618447); Ehret et al. 2011 (PMID: 21909115)
rs2594992	3	11360997	C	A	0.334	0.06	SBP	mmhg	Warren et al. 2017 (PMID: 28135244); Ehret et al. 2016 (PMID: 27618452); Surendran et al. 2016 (PMID: 27618447); Ehret et al. 2011 (PMID: 21909115)
rs11128722	3	14958126	G	A	0.3103	0.0469	SBP	mmhg	Warren et al. 2017 (PMID: 28135244); Ehret et al. 2016 (PMID: 27618452); Surendran et al. 2016 (PMID: 27618447); Ehret et al. 2011 (PMID: 21909115)
rs711737	3	27543655	A	C	0.334	0.058	SBP	mmhg	Warren et al. 2017 (PMID: 28135244); Ehret et al. 2016 (PMID: 27618452); Surendran et al. 2016 (PMID: 27618447); Ehret et al. 2011 (PMID: 21909115)
rs6442101	3	48130893	T	C	0.396	0.062	SBP	mmhg	Warren et al. 2017 (PMID: 28135244); Ehret et al. 2016 (PMID: 27618452); Surendran et al. 2016 (PMID: 27618447); Ehret et al. 2011 (PMID: 21909115)
rs6779380	3	169111915	C	T	0.439	0.06	SBP	mmhg	Warren et al. 2017 (PMID: 28135244); Ehret et al. 2016 (PMID: 27618452); Surendran et al. 2016 (PMID: 27618447); Ehret et al. 2011 (PMID: 21909115)
rs2291435	4	38387395	C	T	0.3441	0.0449	SBP	mmhg	Warren et al. 2017 (PMID: 28135244); Ehret et al. 2016 (PMID: 27618452); Surendran et al. 2016 (PMID: 27618447); Ehret et al. 2011 (PMID: 21909115)
rs35529250	4	40428091	C	T	1.5373000000000001	0.2799	SBP	mmhg	Warren et al. 2017 (PMID: 28135244); Ehret et al. 2016 (PMID: 27618452); Surendran et al. 2016 (PMID: 27618447); Ehret et al. 2011 (PMID: 21909115)
rs1458038	4	81164723	T	C	0.659	0.065	SBP	mmhg	Warren et al. 2017 (PMID: 28135244); Ehret et al. 2016 (PMID: 27618452); Surendran et al. 2016 (PMID: 27618447); Ehret et al. 2011 (PMID: 21909115)
rs17010957	4	86719165	C	T	0.498	0.082	SBP	mmhg	Warren et al. 2017 (PMID: 28135244); Ehret et al. 2016 (PMID: 27618452); Surendran et al. 2016 (PMID: 27618447); Ehret et al. 2011 (PMID: 21909115)
rs13107325	4	103188709	C	T	0.837	0.127	SBP	mmhg	Warren et al. 2017 (PMID: 28135244); Ehret et al. 2016 (PMID: 27618452); Surendran et al. 2016 (PMID: 27618447); Ehret et al. 2011 (PMID: 21909115)
rs4691707	4	156441314	G	A	0.349	0.06	SBP	mmhg	Warren et al. 2017 (PMID: 28135244); Ehret et al. 2016 (PMID: 27618452); Surendran et al. 2016 (PMID: 27618447); Ehret et al. 2011 (PMID: 21909115)
rs12656497	5	32831939	C	T	0.487	0.06	SBP	mmhg	Warren et al. 2017 (PMID: 28135244); Ehret et al. 2016 (PMID: 27618452); Surendran et al. 2016 (PMID: 27618447); Ehret et al. 2011 (PMID: 21909115)
rs10077885	5	114390121	C	A	0.284	0.0444	SBP	mmhg	Warren et al. 2017 (PMID: 28135244); Ehret et al. 2016 (PMID: 27618452); Surendran et al. 2016 (PMID: 27618447); Ehret et al. 2011 (PMID: 21909115)
rs1008058	5	122435627	A	G	0.5535	0.0879	SBP	mmhg	Warren et al. 2017 (PMID: 28135244); Ehret et al. 2016 (PMID: 27618452); Surendran et al. 2016 (PMID: 27618447); Ehret et al. 2011 (PMID: 21909115)
rs11953630	5	157845402	C	T	0.411920705	0.061983246	SBP	mmhg	Warren et al. 2017 (PMID: 28135244); Ehret et al. 2016 (PMID: 27618452); Surendran et al. 2016 (PMID: 27618447); Ehret et al. 2011 (PMID: 21909115)
rs9349379	6	12903957	A	G	0.2888	0.0471	SBP	mmhg	Warren et al. 2017 (PMID: 28135244); Ehret et al. 2016 (PMID: 27618452); Surendran et al. 2016 (PMID: 27618447); Ehret et al. 2011 (PMID: 21909115)
rs1799945	6	26091179	G	C	0.62700513	0.091610814	SBP	mmhg	Warren et al. 2017 (PMID: 28135244); Ehret et al. 2016 (PMID: 27618452); Surendran et al. 2016 (PMID: 27618447); Ehret et al. 2011 (PMID: 21909115)
rs805303	6	31616366	G	A	0.375552419	0.055649241	SBP	mmhg	Warren et al. 2017 (PMID: 28135244); Ehret et al. 2016 (PMID: 27618452); Surendran et al. 2016 (PMID: 27618447); Ehret et al. 2011 (PMID: 21909115)
rs6919440	6	43352898	G	A	0.337	0.058	SBP	mmhg	Warren et al. 2017 (PMID: 28135244); Ehret et al. 2016 (PMID: 27618452); Surendran et al. 2016 (PMID: 27618447); Ehret et al. 2011 (PMID: 21909115)
rs1361831	6	127181089	C	T	0.482	0.058	SBP	mmhg	Warren et al. 2017 (PMID: 28135244); Ehret et al. 2016 (PMID: 27618452); Surendran et al. 2016 (PMID: 27618447); Ehret et al. 2011 (PMID: 21909115)
rs2969070	7	2512545	G	A	0.2975	0.0464	SBP	mmhg	Warren et al. 2017 (PMID: 28135244); Ehret et al. 2016 (PMID: 27618452); Surendran et al. 2016 (PMID: 27618447); Ehret et al. 2011 (PMID: 21909115)
rs3735533	7	27245893	C	T	0.798	0.106	SBP	mmhg	Warren et al. 2017 (PMID: 28135244); Ehret et al. 2016 (PMID: 27618452); Surendran et al. 2016 (PMID: 27618447); Ehret et al. 2011 (PMID: 21909115)
rs12705390	7	106410777	A	G	0.619	0.069	SBP	mmhg	Warren et al. 2017 (PMID: 28135244); Ehret et al. 2016 (PMID: 27618452); Surendran et al. 2016 (PMID: 27618447); Ehret et al. 2011 (PMID: 21909115)
rs4728142	7	128573967	G	A	0.2243	0.0469	SBP	mmhg	Warren et al. 2017 (PMID: 28135244); Ehret et al. 2016 (PMID: 27618452); Surendran et al. 2016 (PMID: 27618447); Ehret et al. 2011 (PMID: 21909115)
rs11556924	7	129663496	C	T	0.2705	0.0468	SBP	mmhg	Warren et al. 2017 (PMID: 28135244); Ehret et al. 2016 (PMID: 27618452); Surendran et al. 2016 (PMID: 27618447); Ehret et al. 2011 (PMID: 21909115)
rs2898290	8	11433909	T	C	0.377	0.058	SBP	mmhg	Warren et al. 2017 (PMID: 28135244); Ehret et al. 2016 (PMID: 27618452); Surendran et al. 2016 (PMID: 27618447); Ehret et al. 2011 (PMID: 21909115)
rs34591516	8	142367087	T	C	0.6358	0.1027	SBP	mmhg	Warren et al. 2017 (PMID: 28135244); Ehret et al. 2016 (PMID: 27618452); Surendran et al. 2016 (PMID: 27618447); Ehret et al. 2011 (PMID: 21909115)
rs10760117	9	123586737	T	G	0.283	0.0457	SBP	mmhg	Warren et al. 2017 (PMID: 28135244); Ehret et al. 2016 (PMID: 27618452); Surendran et al. 2016 (PMID: 27618447); Ehret et al. 2011 (PMID: 21909115)
rs6271	9	136522274	C	T	0.5911	0.0899	SBP	mmhg	Warren et al. 2017 (PMID: 28135244); Ehret et al. 2016 (PMID: 27618452); Surendran et al. 2016 (PMID: 27618447); Ehret et al. 2011 (PMID: 21909115)
rs4373814	10	18419972	C	G	0.372640028	0.056661034	SBP	mmhg	Warren et al. 2017 (PMID: 28135244); Ehret et al. 2016 (PMID: 27618452); Surendran et al. 2016 (PMID: 27618447); Ehret et al. 2011 (PMID: 21909115)
rs1813353	10	18707448	T	C	0.56856825	0.081224538	SBP	mmhg	Warren et al. 2017 (PMID: 28135244); Ehret et al. 2016 (PMID: 27618452); Surendran et al. 2016 (PMID: 27618447); Ehret et al. 2011 (PMID: 21909115)
rs4590817	10	63467553	G	C	0.645685129	0.093062906	SBP	mmhg	Warren et al. 2017 (PMID: 28135244); Ehret et al. 2016 (PMID: 27618452); Surendran et al. 2016 (PMID: 27618447); Ehret et al. 2011 (PMID: 21909115)
rs12247028	10	75410052	G	A	0.364	0.063	SBP	mmhg	Warren et al. 2017 (PMID: 28135244); Ehret et al. 2016 (PMID: 27618452); Surendran et al. 2016 (PMID: 27618447); Ehret et al. 2011 (PMID: 21909115)
rs932764	10	95895940	G	A	0.495	0.059	SBP	mmhg	Warren et al. 2017 (PMID: 28135244); Ehret et al. 2016 (PMID: 27618452); Surendran et al. 2016 (PMID: 27618447); Ehret et al. 2011 (PMID: 21909115)
rs943037	10	104835919	C	T	1.133	0.105	SBP	mmhg	Warren et al. 2017 (PMID: 28135244); Ehret et al. 2016 (PMID: 27618452); Surendran et al. 2016 (PMID: 27618447); Ehret et al. 2011 (PMID: 21909115)
rs4387287	10	105677897	A	C	0.338	0.0652	SBP	mmhg	Warren et al. 2017 (PMID: 28135244); Ehret et al. 2016 (PMID: 27618452); Surendran et al. 2016 (PMID: 27618447); Ehret et al. 2011 (PMID: 21909115)
rs740746	10	115792787	A	G	0.486	0.067	SBP	mmhg	Warren et al. 2017 (PMID: 28135244); Ehret et al. 2016 (PMID: 27618452); Surendran et al. 2016 (PMID: 27618447); Ehret et al. 2011 (PMID: 21909115)
rs592373	11	1890990	A	G	0.484	0.063	SBP	mmhg	Warren et al. 2017 (PMID: 28135244); Ehret et al. 2016 (PMID: 27618452); Surendran et al. 2016 (PMID: 27618447); Ehret et al. 2011 (PMID: 21909115)
rs7129220	11	10350538	A	G	0.618551052	0.088625801	SBP	mmhg	Warren et al. 2017 (PMID: 28135244); Ehret et al. 2016 (PMID: 27618452); Surendran et al. 2016 (PMID: 27618447); Ehret et al. 2011 (PMID: 21909115)
rs1156725	11	16307700	C	T	0.447	0.072	SBP	mmhg	Warren et al. 2017 (PMID: 28135244); Ehret et al. 2016 (PMID: 27618452); Surendran et al. 2016 (PMID: 27618447); Ehret et al. 2011 (PMID: 21909115)
rs381815	11	16902268	T	C	0.574719283	0.087567606	SBP	mmhg	Warren et al. 2017 (PMID: 28135244); Ehret et al. 2016 (PMID: 27618452); Surendran et al. 2016 (PMID: 27618447); Ehret et al. 2011 (PMID: 21909115)
rs7103648	11	47461783	G	A	0.3349	0.0462	SBP	mmhg	Warren et al. 2017 (PMID: 28135244); Ehret et al. 2016 (PMID: 27618452); Surendran et al. 2016 (PMID: 27618447); Ehret et al. 2011 (PMID: 21909115)
rs11229457	11	58207203	C	T	0.312	0.0561	SBP	mmhg	Warren et al. 2017 (PMID: 28135244); Ehret et al. 2016 (PMID: 27618452); Surendran et al. 2016 (PMID: 27618447); Ehret et al. 2011 (PMID: 21909115)
rs751984	11	61278246	T	C	0.4074	0.0691	SBP	mmhg	Warren et al. 2017 (PMID: 28135244); Ehret et al. 2016 (PMID: 27618452); Surendran et al. 2016 (PMID: 27618447); Ehret et al. 2011 (PMID: 21909115)
rs3741378	11	65408937	C	T	0.486	0.084	SBP	mmhg	Warren et al. 2017 (PMID: 28135244); Ehret et al. 2016 (PMID: 27618452); Surendran et al. 2016 (PMID: 27618447); Ehret et al. 2011 (PMID: 21909115)
rs633185	11	100593538	C	G	0.564742942	0.066038237	SBP	mmhg	Warren et al. 2017 (PMID: 28135244); Ehret et al. 2016 (PMID: 27618452); Surendran et al. 2016 (PMID: 27618447); Ehret et al. 2011 (PMID: 21909115)
rs17249754	12	90060586	G	A	0.928201794	0.105861283	SBP	mmhg	Warren et al. 2017 (PMID: 28135244); Ehret et al. 2016 (PMID: 27618452); Surendran et al. 2016 (PMID: 27618447); Ehret et al. 2011 (PMID: 21909115)
rs3184504	12	111884608	T	C	0.597583146	0.068817153	SBP	mmhg	Warren et al. 2017 (PMID: 28135244); Ehret et al. 2016 (PMID: 27618452); Surendran et al. 2016 (PMID: 27618447); Ehret et al. 2011 (PMID: 21909115)
rs1378942	15	75077367	C	A	0.612535897	0.062068298	SBP	mmhg	Warren et al. 2017 (PMID: 28135244); Ehret et al. 2016 (PMID: 27618452); Surendran et al. 2016 (PMID: 27618447); Ehret et al. 2011 (PMID: 21909115)
rs2521501	15	91437388	T	A	0.649841956	0.072951621	SBP	mmhg	Warren et al. 2017 (PMID: 28135244); Ehret et al. 2016 (PMID: 27618452); Surendran et al. 2016 (PMID: 27618447); Ehret et al. 2011 (PMID: 21909115)
rs7213273	17	43155914	G	A	0.413	0.066	SBP	mmhg	Warren et al. 2017 (PMID: 28135244); Ehret et al. 2016 (PMID: 27618452); Surendran et al. 2016 (PMID: 27618447); Ehret et al. 2011 (PMID: 21909115)
rs17608766	17	45013271	C	T	0.658	0.083	SBP	mmhg	Warren et al. 2017 (PMID: 28135244); Ehret et al. 2016 (PMID: 27618452); Surendran et al. 2016 (PMID: 27618447); Ehret et al. 2011 (PMID: 21909115)
rs7406910	17	46688256	C	T	0.4563	0.083	SBP	mmhg	Warren et al. 2017 (PMID: 28135244); Ehret et al. 2016 (PMID: 27618452); Surendran et al. 2016 (PMID: 27618447); Ehret et al. 2011 (PMID: 21909115)
rs12940887	17	47402807	T	C	0.362240392	0.056791727	SBP	mmhg	Warren et al. 2017 (PMID: 28135244); Ehret et al. 2016 (PMID: 27618452); Surendran et al. 2016 (PMID: 27618447); Ehret et al. 2011 (PMID: 21909115)
rs12958173	18	42141977	A	C	0.3614	0.0489	SBP	mmhg	Warren et al. 2017 (PMID: 28135244); Ehret et al. 2016 (PMID: 27618452); Surendran et al. 2016 (PMID: 27618447); Ehret et al. 2011 (PMID: 21909115)
rs4247374	19	7252756	C	T	0.5933	0.0673	SBP	mmhg	Warren et al. 2017 (PMID: 28135244); Ehret et al. 2016 (PMID: 27618452); Surendran et al. 2016 (PMID: 27618447); Ehret et al. 2011 (PMID: 21909115)
rs61760904	19	50139932	T	C	1.4992	0.2842	SBP	mmhg	Warren et al. 2017 (PMID: 28135244); Ehret et al. 2016 (PMID: 27618452); Surendran et al. 2016 (PMID: 27618447); Ehret et al. 2011 (PMID: 21909115)
rs1327235	20	10969030	G	A	0.395	0.059	SBP	mmhg	Warren et al. 2017 (PMID: 28135244); Ehret et al. 2016 (PMID: 27618452); Surendran et al. 2016 (PMID: 27618447); Ehret et al. 2011 (PMID: 21909115)
rs6015450	20	57751117	G	A	0.896442952	0.090483999	SBP	mmhg	Warren et al. 2017 (PMID: 28135244); Ehret et al. 2016 (PMID: 27618452); Surendran et al. 2016 (PMID: 27618447); Ehret et al. 2011 (PMID: 21909115)
rs12627651	21	44760603	A	G	0.3905	0.0513	SBP	mmhg	Warren et al. 2017 (PMID: 28135244); Ehret et al. 2016 (PMID: 27618452); Surendran et al. 2016 (PMID: 27618447); Ehret et al. 2011 (PMID: 21909115)
